id,liked_by,feed_id,status,created_on
5,543236,323,1,2022-05-19
6,543236,322,1,2022-05-19
65,554528,322,1,2022-05-20
7,543236,321,1,2022-05-19
8,543236,320,1,2022-05-19
9,543236,319,1,2022-05-19
10,543236,318,1,2022-05-19
11,543236,317,1,2022-05-19
12,543236,316,1,2022-05-19
170,446312,230,1,2022-05-24
209,442208,193,1,2022-05-24
210,442208,192,1,2022-05-24
207,170961,191,1,2022-05-24
211,442208,191,1,2022-05-24
208,170961,189,1,2022-05-24
216,192277,187,1,2022-05-25
218,552578,187,1,2022-05-25
198,543236,184,1,2022-05-24
217,192277,184,1,2022-05-25
196,555074,183,1,2022-05-24
199,543236,183,1,2022-05-24
202,444018,183,1,2022-05-24
203,444018,182,1,2022-05-24
192,553815,181,1,2022-05-24
195,170961,181,1,2022-05-24
197,555074,181,1,2022-05-24
205,444018,181,1,2022-05-24
193,553815,180,1,2022-05-24
201,546548,180,1,2022-05-24
194,553815,179,1,2022-05-24
204,444018,179,1,2022-05-24
190,488309,176,1,2022-05-24
187,488309,172,1,2022-05-24
184,488287,168,1,2022-05-24
183,488309,167,1,2022-05-24
188,549242,165,1,2022-05-24
176,543236,164,1,2022-05-24
178,485105,164,1,2022-05-24
177,543236,163,1,2022-05-24
174,543236,162,1,2022-05-24
175,543236,161,1,2022-05-24
173,543236,160,1,2022-05-24
171,456616,159,1,2022-05-24
159,150520,152,1,2022-05-24
162,192277,152,1,2022-05-24
168,485105,152,1,2022-05-24
172,543236,152,1,2022-05-24
206,444018,152,1,2022-05-24
157,543236,151,1,2022-05-24
158,545345,151,1,2022-05-24
160,150520,151,1,2022-05-24
164,456616,150,1,2022-05-24
143,518264,149,1,2022-05-24
156,553770,149,1,2022-05-24
161,150520,149,1,2022-05-24
165,456616,149,1,2022-05-24
142,552435,148,1,2022-05-24
138,520201,147,1,2022-05-23
139,543236,146,1,2022-05-24
200,444018,146,1,2022-05-24
140,543236,144,1,2022-05-24
144,518264,144,1,2022-05-24
166,456616,144,1,2022-05-24
214,552578,144,1,2022-05-25
127,543236,143,1,2022-05-23
145,518264,143,1,2022-05-24
167,456616,143,1,2022-05-24
213,552578,143,1,2022-05-25
128,543236,142,1,2022-05-23
135,488309,142,1,2022-05-23
146,518264,142,1,2022-05-24
124,552578,141,1,2022-05-23
129,543236,141,1,2022-05-23
147,518264,141,1,2022-05-24
125,552578,139,1,2022-05-23
130,543236,139,1,2022-05-23
148,518264,139,1,2022-05-24
169,446312,139,1,2022-05-24
132,543236,138,1,2022-05-23
149,518264,138,1,2022-05-24
133,543236,137,1,2022-05-23
150,518264,137,1,2022-05-24
126,552578,136,1,2022-05-23
134,543236,136,1,2022-05-23
151,518264,136,1,2022-05-24
152,518264,135,1,2022-05-24
153,518264,134,1,2022-05-24
154,518264,129,1,2022-05-24
119,170961,128,1,2022-05-23
155,518264,127,1,2022-05-24
98,552228,122,1,2022-05-23
105,466208,122,1,2022-05-23
116,320065,122,1,2022-05-23
94,543236,121,1,2022-05-23
96,552435,121,1,2022-05-23
97,552228,121,1,2022-05-23
106,466208,121,1,2022-05-23
121,488287,121,1,2022-05-23
95,543236,120,1,2022-05-23
104,444018,120,1,2022-05-23
107,466208,120,1,2022-05-23
93,543236,119,1,2022-05-23
100,552227,119,1,2022-05-23
108,466208,119,1,2022-05-23
91,543236,114,1,2022-05-21
101,552227,114,1,2022-05-23
102,544923,114,1,2022-05-23
109,466208,114,1,2022-05-23
90,543236,113,1,2022-05-21
89,543236,112,1,2022-05-21
110,466208,112,1,2022-05-23
79,543236,111,1,2022-05-21
80,543236,110,1,2022-05-21
81,543236,109,1,2022-05-21
82,543236,108,1,2022-05-21
112,192277,108,1,2022-05-23
83,543236,107,1,2022-05-21
77,543236,103,1,2022-05-21
76,543236,102,1,2022-05-21
78,466208,102,1,2022-05-21
84,543236,100,1,2022-05-21
85,543236,99,1,2022-05-21
75,486986,96,1,2022-05-21
74,488309,92,1,2022-05-21
67,243469,79,1,2022-05-20
88,554528,77,1,2022-05-21
70,170961,70,1,2022-05-21
86,543236,70,1,2022-05-21
87,543236,69,1,2022-05-21
52,543236,68,1,2022-05-20
69,170961,68,1,2022-05-20
53,543236,67,1,2022-05-20
61,170961,67,1,2022-05-20
54,543236,66,1,2022-05-20
55,543236,65,1,2022-05-20
56,543236,64,1,2022-05-20
68,170961,64,1,2022-05-20
180,192277,60,1,2022-05-24
47,543236,59,1,2022-05-20
182,192277,59,1,2022-05-24
46,543236,58,1,2022-05-20
44,192277,57,1,2022-05-20
185,192277,56,1,2022-05-24
186,192277,55,1,2022-05-24
41,553770,50,1,2022-05-20
36,543236,49,1,2022-05-20
38,545345,49,1,2022-05-20
42,553770,49,1,2022-05-20
43,170961,49,1,2022-05-20
37,543236,48,1,2022-05-20
32,170961,47,1,2022-05-20
33,543236,47,1,2022-05-20
30,543236,45,1,2022-05-19
34,543236,44,1,2022-05-20
58,320065,44,1,2022-05-20
27,543236,41,1,2022-05-19
59,320065,41,1,2022-05-20
28,543236,38,1,2022-05-19
50,22344,38,1,2022-05-20
60,320065,37,1,2022-05-20
51,22344,30,1,2022-05-20
17,488309,28,1,2022-05-19
25,554787,23,1,2022-05-19
29,543236,23,1,2022-05-19
26,543236,20,1,2022-05-19
14,543236,19,1,2022-05-19
15,543236,18,1,2022-05-19
16,543236,17,1,2022-05-19
13,170961,16,1,2022-05-19
40,170961,9,1,2022-05-20
1,543236,8,1,2022-05-19
39,170961,8,1,2022-05-20
215,552578,8,1,2022-05-25
2,543236,7,1,2022-05-19
